{"cameraMode":{"drawMode":0,"name":"Shaded","section":"Shading Mode"},"sceneLighting":true,"audioPlay":false,"sceneViewState":{"m_AlwaysRefresh":false,"showFog":true,"showSkybox":true,"showFlares":true,"showImageEffects":true,"showParticleSystems":true,"showVisualEffectGraphs":true,"m_FxEnabled":true},"in2DMode":false,"pivot":{"x":420.8105773925781,"y":67.35560607910156,"z":-335.91571044921877},"rotation":{"x":-0.13437363505363465,"y":-0.16946032643318177,"z":0.023329652845859529,"w":-0.9760582447052002},"size":354.7048645019531,"orthographic":false}